X Coord,Y Coord,Movement X (pixels),Movement Y (pixel),Microns Moved X,Microns Moved Y,X DAC Value,Y DAC Value,Microns Per ADU X,Microns Per ADU Y,Detected Circle Radii (pixel),Detected Pixel Size (microns/pixel)
707,471,13,3,21.95945945945946,5.0675675675675675,N/A,N/A,N/A,N/A,37,1.6891891891891893
720,468,4,11,6.756756756756757,18.58108108108108,N/A,N/A,N/A,N/A,37,1.6891891891891893
716,457,6,7,10.135135135135135,11.824324324324325,N/A,N/A,N/A,N/A,37,1.6891891891891893
710,464,1,3,1.6891891891891893,5.0675675675675675,N/A,N/A,N/A,N/A,37,1.6891891891891893
709,467,2,3,3.3783783783783785,5.0675675675675675,N/A,N/A,N/A,N/A,37,1.6891891891891893
707,470,N/A,N/A,N/A,N/A,N/A,N/A,N/A,N/A,37,1.6891891891891893
