X Coord,Y Coord,Movement X (pixels),Movement Y (pixel),Microns Moved X,Microns Moved Y,X DAC Value,Y DAC Value,Microns Per ADU X,Microns Per ADU Y,Detected Circle Radii (pixel),Detected Pixel Size (microns/pixel)
593,681,118,180,199.32432432432432,304.05405405405406,N/A,N/A,N/A,N/A,37,1.6891891891891893
475,861,242,266,408.7837837837838,449.3243243243243,N/A,N/A,N/A,N/A,37,1.6891891891891893
717,595,258,18,435.81081081081084,30.405405405405407,N/A,N/A,N/A,N/A,37,1.6891891891891893
459,613,257,244,434.1216216216216,412.1621621621622,N/A,N/A,N/A,N/A,37,1.6891891891891893
716,857,N/A,N/A,N/A,N/A,N/A,N/A,N/A,N/A,37,1.6891891891891893
